"Rank","Category","Product Name","Product Description","Rating","Price"
1,"Accessories and Supplies","3 Pack for Samsung Galaxy S22 Ultra Screen Protector【3+1 Pack】 1 Pack Camera Lens Protector, 9H Hardness Tempered Glass Screen Protector for Galaxy S22 Ultra Tempered Glass Screen Protector  ",NA,4.9,12.99
2,"Accessories and Supplies","SparkFun Triband GNSS RTK Breakout - Mosaic-X5 high-Precision GNSS Receiver, with SD Capabilities and USB-2.0, MultiBand GPS Antenna, Board Dimensions: (Inches) 2.50 x 2.00  ",NA,4.8,349
3,"Accessories and Supplies","60W 8-Port USB Wall Charger, Multi Port USB Charger Charging Station W/LCD Compatible with Smart Phone, Tablet and Multiple Devices  ",NA,4.6,332.99
4,"Accessories and Supplies","Electronics Organizer Travel Case – Multi-Layer Full Flat Opening with Compartments and Pockets – Travel Cord Organizer Travel for Accessories, Cables, Electronics  ",NA,4.5,139.95
5,"Accessories and Supplies","# MINI300, A USA Made Compact & Mini Tool for Digitizing Documents, Old Photos and Macro Photography with Today's DSLR Super Megapixel Cameras  ",NA,4.3,99.99
1,"Camera and Photo","LUMIX S9 Full Frame Camera with 20-60mm F3.5-5.6 L Mount Lens, Compact Mirrorless Camera for Content Creators with Real Time LUT, Open Gate and Easy Sharing of Photos & Video – DC-S9KK (Black)  ",NA,5,52.99
2,"Camera and Photo","Fujifilm Instax Square SQ6 - Instant Camera Ruby Red with Carrying Case + Fuji Instax Film Value Pack (40 Sheets) Accessories Bundle, Color Filters, Photo Album, Assorted Frames + More  ",NA,4.7,332.99
3,"Camera and Photo","Video Camera Camcorder Full HD 1080P 30FPS 24.0 MP IR Night Vision Vlogging Camera Recorder 3.0 Inch IPS Screen 16X Zoom Camcorders Camera Remote Control with 2 Batteries  ",NA,4.7,497.99
4,"Camera and Photo","Fujifilm Instax Square SQ1 Instant Camera Terracotta Orange with Carrying Case + Fuji Instax Film Value Pack (40 Sheets) Accessories Bundle, Photo Album, Assorted Frames + More  ",NA,4.4,799.99
5,"Camera and Photo","EMEET 1080P Webcam with Microphone, C960 Web Camera, 2 Mics Streaming Webcam, 90°FOV Computer Camera, Plug and Play USB Webcam for Online Calling/Conferencing, Zoom/Skype/Facetime/YouTube, Laptop/PC  ",NA,4.3,34.99
1,"Car and Vehicle Electronics","12 Inch Navigator Screen Protector for Ford F-150 2020-2024, New HD Clear Navigation F-150 Screen Protector Accessories, Anti-Scratch Tempered Glass Film  ",NA,5,11.99
2,"Car and Vehicle Electronics","Kawaii Kitty Pink Air Vent Car Mount, Hands Free Cell Phone Holder for Car, Cute Kitty car Accessories, Clamp Cradle, Compatible with All iPhone Android Smartphone  ",NA,4.9,16.99
3,"Car and Vehicle Electronics","Aluminum 1.5"" Double Ball Mount with Two AMPS Round Plates, Tablet, Fish Finder Mount, Double Socket Arm with 1.5 inches / 38mm / C Size Ball, Compatible with RAM, Arkon, iBolt and More  ",NA,4.9,49.99
4,"Car and Vehicle Electronics","Terminal Velocity Sport-Cell Phone Holder with Dual USB Rapid Charger/Motorcycle Communication Bundle/Super Secure Speed Mount /12volt IP-67 USB-A and C Dual Charging Port. Rain Cover is Included.  ",NA,4.7,24.89
5,"Car and Vehicle Electronics","Screen Protector for 2024-2022 Ford Expedition/ 2024-2022 F-150/2024-2021 Mustang Mach-E 15.5 Inch Touchscreen, HD Clear, High Sensitivity, 9H Tempered Glass Car Navigation Screen Protector  ",NA,4.4,22.99
1,"Cell Phones and Accessories","APPS2Car 15W Wireless Car Charger, Compatible with MagSafe, Magnetic Vent Mount for iPhone 16/15/14/13/12 Series, with 3200RPM Cooling Fan Black  ",NA,5,35.99
2,"Cell Phones and Accessories","USB C Charging Station, 106W Quick USB C Charger Charging Hub 10 PowerPort for Multiple Devices Fast Charging Power Stock Station for iPhone Tablet Computer  ",NA,5,49.99
3,"Cell Phones and Accessories","Selfie Stick Phone Tripod - 67"" Aluminum Lightweight Tripod for iPhone with Detachable Wireless Remote and Phone Holder, Portable Tripod Stand Compatible with iPhone/Android  ",NA,4.6,29.99
4,"Cell Phones and Accessories","3 in 1 Charging Station for iPhone 16 15 14 13 12, 11 X 8 Series (with MagSafe Case), Wireless Charger for Apple Watch，Travel Magnetic Charging Stand for AirPods (White)  ",NA,4.6,62.99
5,"Cell Phones and Accessories","Car Phone Holder for Toyota Highlander Accessories 2020-2024 2021 2022 2023 Mount Cell Phone Holder Fit for Most Smartphones(2020-2024 8 inch Screen Only)  ",NA,4.6,69.99
1,"Computers and Accessories","Replacement for Dell 65W 45W USB C Slim Laptop Charger - fit Latitude 5420 5540 5520 7420 5440, XPS 13, Chromebook 3100 Inspiron 2 in 1 - Fast Charging, Long Power Cord Type C Computer Adapter  ",NA,5,79.99
2,"Computers and Accessories","Extension Cord with Multiple Outlets, Surge Protector Power Strip Tower, 12 AC 4 USB，Surge Protector Tower 6.5FT Overload Protection for Home Office  ",NA,4.8,24.99
3,"Computers and Accessories","QIYI Large Mouse Pad for Desk, Watercolor Floral Computer Desk Mat for Keyboard and Mouse, Non-Slip Rubber Waterproof Leather Desk Pad, Flowers Gaming Mousepad Office Desk Accessories, 31.5"" x15.7""  ",NA,4.7,21.99
4,"Computers and Accessories","OREI USB 2.0 Over Ethernet Cat5e/6 Extender LAN Upto 330 Feet - Extends 2 Ports USB-A Signal Over LAN Ethernet - Power Over Cable for Long Distance Extension Supports All Operating System  ",NA,4.7,32.49
5,"Computers and Accessories","Laptop Sleeve Case 13.3 inch, Shockproof Protective Computer Cover with Accessories Pocket, Portable Laptop Bag Compatible with MacBook Air/Pro 13-13.3 inch, Compatible for MacBook Pro 14 inch, Black  ",NA,4.6,14.89
